Name,Shelf Life (days),Storage Requirements,Health Benefits
Carrot,30,Refrigeration,"Improves vision, rich in Vitamin A"
Spinach,7,Refrigeration,"High in iron, good for bone health"
Tomato,7,"Cool, dry place","Rich in antioxidants, supports heart health"
Broccoli,10,Refrigeration,"Boosts immune system, rich in Vitamin C"
Potato,60,"Cool, dark place","Provides energy, good source of potassium"
Bell Pepper,10,Refrigeration,"Rich in Vitamin C, supports immune system"
Kale,7,Refrigeration,"High in antioxidants, promotes heart health"
Eggplant,7,"Cool, dry place","Supports brain health, high in fiber"
Zucchini,5,Refrigeration,"Low in calories, supports digestion"
Cauliflower,10,Refrigeration,"Rich in fiber, supports digestive health"
Cabbage,15,Refrigeration,"Good for digestion, rich in Vitamin K"
Sweet Potato,30,"Cool, dark place","Rich in beta-carotene, promotes eye health"
Green Beans,7,Refrigeration,"High in Vitamin K, supports bone health"
Onion,60,"Cool, dry place","Anti-inflammatory, supports heart health"
Garlic,120,"Cool, dry place","Boosts immune system, anti-inflammatory"
Lettuce,5,Refrigeration,"Low in calories, supports digestion"
Beetroot,14,"Cool, dry place","Rich in nitrates, supports heart health"
Radish,10,Refrigeration,"Supports digestion, high in antioxidants"
Pumpkin,60,"Cool, dry place","High in Vitamin A, supports immune system"
Peas,5,Refrigeration,"High in protein, supports eye health"
Corn,7,"Cool, dry place","Good source of energy, high in fiber"
Asparagus,7,Refrigeration,"Supports bone health, rich in Vitamin K"
Cucumber,7,Refrigeration,"Hydrating, supports skin health"
Brussels Sprouts,10,Refrigeration,"High in fiber, supports digestive health"
Leek,7,Refrigeration,"Supports cardiovascular health, high in Vitamin K"
Turnip,14,"Cool, dry place","Rich in Vitamin C, supports digestion"
Okra,7,Refrigeration,"High in fiber, supports digestive health"
Celery,14,Refrigeration,"Low in calories, supports hydration"
Fennel,10,Refrigeration,"Supports digestion, rich in fiber"
Artichoke,7,Refrigeration,"High in antioxidants, supports liver health"
Swiss Chard,7,Refrigeration,"Rich in vitamins A and C, supports bone health"
Bok Choy,10,Refrigeration,"High in calcium, supports bone health"
Rhubarb,7,Refrigeration,"High in antioxidants, supports digestion"
Parsnip,30,"Cool, dry place","High in potassium, supports heart health"
Endive,5,Refrigeration,"Supports digestive health, high in fiber"
Collard Greens,10,Refrigeration,"High in calcium, supports bone health"
Rutabaga,30,"Cool, dry place","Rich in Vitamin C, supports immune health"
Kohlrabi,14,Refrigeration,"Supports digestion, high in fiber"
Jicama,14,"Cool, dry place","Low in calories, supports digestive health"
Scallion,10,Refrigeration,"High in Vitamin K, supports bone health"
Mustard Greens,7,Refrigeration,"Rich in antioxidants, supports heart health"
Chayote,14,"Cool, dry place","Supports digestion, rich in Vitamin C"
Sunchoke,14,"Cool, dry place","High in potassium, supports digestive health"
Watercress,5,Refrigeration,"Rich in antioxidants, supports eye health"
Broccolini,7,Refrigeration,"High in Vitamin C, supports immune health"
Tomatillo,14,"Cool, dry place","Rich in Vitamin C, supports immune health"
Bamboo Shoots,7,Refrigeration,"Low in calories, supports digestion"
Acorn Squash,30,"Cool, dry place","Rich in Vitamin A, supports vision health"
Daikon Radish,14,Refrigeration,"High in Vitamin C, supports digestion"
Bitter Melon,7,Refrigeration,"Supports blood sugar regulation, high in Vitamin C"
Dandelion Greens,5,Refrigeration,"Rich in antioxidants, supports liver health"
Cassava,30,"Cool, dry place","High in carbohydrates, supports energy production"
Mizuna,7,Refrigeration,"High in antioxidants, supports immune health"
Taro Root,30,"Cool, dry place","High in fiber, supports digestive health"
Purslane,5,Refrigeration,"Rich in Omega-3 fatty acids, supports heart health"
Jerusalem Artichoke,14,"Cool, dry place","High in fiber, supports digestive health"
Kohlrabi,14,Refrigeration,"Supports digestion, high in fiber"
Celeriac,30,"Cool, dry place","Supports bone health, rich in Vitamin K"
Salsify,14,"Cool, dry place","Supports digestion, high in fiber"
Chard,7,Refrigeration,"Rich in vitamins A and C, supports bone health"
Cress,5,Refrigeration,"High in vitamins A, C, K, supports eye health"
Amaranth Greens,7,Refrigeration,"Rich in protein and iron, supports heart health"
Napa Cabbage,14,Refrigeration,"Low in calories, rich in Vitamin C"
Tindora,7,Refrigeration,"Supports digestion, rich in Vitamin A"
Malabar Spinach,7,Refrigeration,"Rich in vitamins A, C, supports eye and skin health"
Tatsoi,7,Refrigeration,"High in vitamins A and C, supports eye health"
Winged Bean,7,Refrigeration,"High in protein, supports digestive health"
Snake Gourd,7,Refrigeration,"Supports digestion, rich in fiber"
Bitter Leaf,5,Refrigeration,"Supports blood sugar regulation, rich in antioxidants"
Sorrel,5,Refrigeration,"Rich in Vitamin C, supports immune health"
Celtuce,10,Refrigeration,"Low in calories, supports hydration"
Epazote,5,Refrigeration,"Supports digestion, rich in essential oils"
Yardlong Bean,7,Refrigeration,"High in protein, supports heart health"
Romanesco,10,Refrigeration,"High in Vitamin C, supports immune health"
Black Radish,14,Refrigeration,"Supports digestion, high in fiber"
Nopales,10,Refrigeration,"Supports digestion, rich in antioxidants"
Samphire,5,Refrigeration,"Rich in minerals, supports thyroid health"
Tindora,7,Refrigeration,"Supports digestion, rich in Vitamin A"
Chrysanthemum Greens,5,Refrigeration,"Rich in antioxidants, supports immune health"
Kohlrabi,14,Refrigeration,"Supports digestion, high in fiber"
Arugula,7,Refrigeration,"High in vitamins A and C, supports heart health"
Gai Lan,7,Refrigeration,"High in calcium, supports bone health"
Sweet Potato Leaves,7,Refrigeration,"Rich in antioxidants, supports heart health"
Oca,30,"Cool, dry place","High in carbohydrates, supports energy production"
Canna Lily Root,30,"Cool, dry place","Rich in starch, supports energy production"
Chayote,14,"Cool, dry place","Supports digestion, rich in Vitamin C"
Kangkong,7,Refrigeration,"High in Vitamin A, supports eye health"
Amaranth,7,Refrigeration,"Rich in protein and iron, supports heart health"
Jicama,14,"Cool, dry place","Low in calories, supports digestive health"
Water Chestnut,7,"Cool, dry place","High in fiber, supports digestive health"
Kudzu,30,"Cool, dry place","High in fiber, supports digestive health"
Fennel,10,Refrigeration,"Supports digestion, rich in Vitamin C"
Mizuna,7,Refrigeration,"High in antioxidants, supports immune health"
Romanesco,10,Refrigeration,"High in Vitamin C, supports immune health"
Taro,30,"Cool, dry place","High in fiber, supports digestive health"
Oca,30,"Cool, dry place","High in carbohydrates, supports energy production"
Sea Beet,7,Refrigeration,"Supports bone health, rich in minerals"
Daikon Radish,14,Refrigeration,"High in Vitamin C, supports digestion"
Sweet Corn,7,"Cool, dry place","Supports energy production, rich in fiber"
Cassava,30,"Cool, dry place","High in carbohydrates, supports energy production"
Sunchoke,14,"Cool, dry place","High in potassium, supports digestive health"
Nopalito,7,Refrigeration,"Supports digestion, rich in antioxidants"
Celery Root,30,"Cool, dry place","Supports bone health, rich in Vitamin K"
Broccoli Raab,7,Refrigeration,"High in antioxidants, supports heart health"
Lotus Root,10,"Cool, dry place","Rich in Vitamin C, supports immune health"
Celeriac,30,"Cool, dry place","Supports bone health, rich in Vitamin K"
Taro,30,"Cool, dry place","High in fiber, supports digestive health"
Komatsuna,7,Refrigeration,"Rich in vitamins A and C, supports eye health"
Celtuce,10,Refrigeration,"Low in calories, supports hydration"
Kangkong,7,Refrigeration,"High in Vitamin A, supports eye health"
Purslane,5,Refrigeration,"Rich in omega-3 fatty acids, supports heart health"
Celosia,7,Refrigeration,"Rich in antioxidants, supports immune health"
Fiddlehead Fern,5,Refrigeration,"Rich in antioxidants, supports digestive health"
Chervil,5,Refrigeration,"Rich in vitamins A and C, supports digestion"
Sea Kale,10,Refrigeration,"Rich in Vitamin C, supports immune health"
Rutabaga,14,"Cool, dry place","Supports digestion, rich in Vitamin C"
Wasabi,7,Refrigeration,"Supports digestion, rich in antioxidants"
Upland Cress,5,Refrigeration,"Rich in vitamins A and C, supports immune health"
Chayote,14,"Cool, dry place","Supports digestion, rich in Vitamin C"
Chinese Broccoli,7,Refrigeration,"High in calcium, supports bone health"
Nopales,7,Refrigeration,"Supports digestion, rich in antioxidants"
White Radish,14,Refrigeration,"High in Vitamin C, supports digestion"
Japanese Pumpkin,14,"Cool, dry place","High in Vitamin A, supports immune health"
Corn Salad,7,Refrigeration,"Rich in vitamins A and C, supports bone health"
Yarrow,7,Refrigeration,"Supports digestion, rich in antioxidants"
Gourd,14,"Cool, dry place","Supports digestion, low in calories"
Yellow Squash,7,"Cool, dry place","High in Vitamin C, supports immune health"
Cress,7,Refrigeration,"Rich in antioxidants, supports heart health"
Broccolini,10,Refrigeration,"Rich in vitamins A and C, supports immune health"
Kohlrabi,14,"Cool, dry place","Supports digestion, rich in Vitamin C"
Lotus Root,10,"Cool, dry place","Rich in Vitamin C, supports immune health"
Salsify,14,"Cool, dry place","Supports digestion, high in potassium"
Dandelion Greens,5,Refrigeration,"Rich in vitamins A and C, supports liver health"
Sorrel,5,Refrigeration,"High in Vitamin C, supports digestive health"
Perilla,7,Refrigeration,"Rich in antioxidants, supports heart health"
Cardoon,14,Refrigeration,"Rich in antioxidants, supports digestion"
Fennel,10,Refrigeration,"Supports digestion, rich in Vitamin C"
Nasturtium,7,Refrigeration,"Rich in Vitamin C, supports immune health"
Jute Leaves,7,Refrigeration,"Rich in antioxidants, supports digestion"
Escarole,7,Refrigeration,"Supports digestion, rich in vitamins A and C"
Radicchio,10,Refrigeration,"Rich in antioxidants, supports heart health"
Daikon Radish,14,Refrigeration,"High in Vitamin C, supports digestion"
Land Cress,7,Refrigeration,"Rich in vitamins A and C, supports immune health"
Poblano Pepper,7,Refrigeration,"Rich in Vitamin C, supports immune health"
Chayote,14,"Cool, dry place","Supports digestion, rich in Vitamin C"
Korean Radish,10,Refrigeration,"High in Vitamin C, supports digestion"
Chervil,5,Refrigeration,"Rich in vitamins A and C, supports digestion"
Amaranth,7,Refrigeration,"Rich in vitamins A and C, supports immune health"
Nettle,5,Refrigeration,"Rich in vitamins and minerals, supports blood health"
Oca,10,"Cool, dry place","High in Vitamin C, supports digestion"
Bitter Fruit,5,Refrigeration,"High in vitamins A, ontrols blood sugar, improves the immune system, supports digestive health due to its high fiber content, helps with weight loss, and maintains eye and heart health."
